{"cameraMode":{"drawMode":0,"name":"Shaded","section":"Shading Mode"},"sceneLighting":true,"audioPlay":false,"sceneViewState":{"showFog":true,"showMaterialUpdate":false,"showSkybox":true,"showFlares":true,"showImageEffects":true,"showParticleSystems":true},"in2DMode":false,"pivot":{"x":-6.00439453125,"y":3.1824951171875,"z":0.80169677734375},"rotation":{"x":0.045808784663677219,"y":-0.6655384302139282,"z":0.04097678139805794,"w":0.7438373565673828},"size":3.7511253356933595,"orthographic":true}